ki_topic,ki_text,sample_question,sample_ground_truth
Setting Up a Mobile Device for Company Email,"**Setting Up a Mobile Device for Company Email**

**Prerequisites:**
 #Create #If #such #credentials #server #account
* Mobile device with a supported operating system (iOS, Android, or Windows)
* Company email account credentials
* Mobile device management (MDM) profile installed (if required by company policy) #MDM #system #policies #Windows) #a #email

**Step 1: Ensure Mobile Device Management (MDM) Profile is Installed (if required)**
 #management #account #may #company #your #the
http://example.com/503
If your company requires MDM for mobile devices, ensure that the profile is installed on your device. This profile will allow your device to connect to the company network and access company email. If you are unsure whether MDM is required, contact your IT department for assistance.
 #try #devices, #Email #a #a #may
**Step 2: Set Up Email Account on Mobile Device**

1. Go to the Settings app on your mobile device. #Account #or #questions #email #your #6.
2. Select ""Mail"" or ""Email"" (depending on your device's operating system).
3. Tap ""Add Account"" or ""Create a new account"".
4. Select ""Exchange"" or ""Corporate"" as the account type. #contact #you #email #MDM #1. #policies,
5. Enter your company email address and password.
6. If prompted, enter the company's email server address (e.g., mail.company.com).
http://example.com/292 #This #Troubleshooting #internet #set #for #need
7. Select the desired synchronization options (e.g., sync email, contacts, calendar).

**Step 3: Configure Email Settings** #account. #server. #Send #a #authentication. #issues

1. In the email account settings, select the ""Advanced"" or ""Security"" option.
2. Ensure that the ""Use SSL/TLS"" or ""Use secure connection"" option is enabled. #3: #are #your #Mobile #to #questions
3. Set the authentication method to ""Username and Password"" or ""Domain\Username"".
4. If prompted, enter your company's email domain (e.g., company.com).
 #new #to #IT #Settings #Account #a
**Step 4: Verify Email Account**
http://example.com/886
 #IT #http://example.com/503 #on #device #set #a
1. Wait for the email account to synchronize with the company email server.
2. Send a test email to yourself or a colleague to verify that email is sending and receiving correctly.
 #account #2: #device. #synchronize #system #PIN
**Troubleshooting Tips:**

* If you encounter issues setting up your email account, ensure that your device has a stable internet connection and that your email credentials are correct. #you #to #email #mobile #allow #device
* If you are unable to connect to the company email server, contact your IT department for assistance.
* If you experience issues with email synchronization, try restarting your device or checking the email account settings.
 #operating #policy #Step #unable #to #restarting
http://example.com/258
**Additional Information:**
 #Settings #email #the #4. #on #with
* For security reasons, it is recommended to set up a password or PIN lock on your mobile device.
* Company email policies may require additional security measures, such as encryption or two-factor authentication. Contact your IT department for more information.
* If you need further assistance or have questions about company email policies, contact your IT department or refer to the company's email policy documentation. #assistance. #a #setting #on #verify #credentials","""How do I set up my company email on my mobile device?""","To set up your company email on your mobile device, please follow these steps:

**First, ensure that you have a supported operating system (iOS, Android, or Windows) and a company email account.**

1. **Check if a Mobile Device Management (MDM) profile is required**: If your company requires MDM for mobile devices, ensure that the profile is installed on your device. If you're unsure, contact your IT department for assistance.
2. **Set up your email account**:
	* Go to the Settings app on your mobile device.
	* Select ""Mail"" or ""Email"" (depending on your device's operating system).
	* Tap ""Add Account"" or ""Create a new account"".
	* Select ""Exchange"" or ""Corporate"" as the account type.
	* Enter your company email address and password.
	* If prompted, enter the company's email server address (e.g., mail.company.com).
	* Select the desired synchronization options (e.g., sync email, contacts, calendar).
3. **Configure your email settings**:
	* In the email account settings, select the ""Advanced"" or ""Security"" option.
	* Ensure that the ""Use SSL/TLS"" or ""Use secure connection"" option is enabled.
	* Set the authentication method to ""Username and Password"" or ""Domain\Username"".
	* If prompted, enter your company's email domain (e.g., company.com).
4. **Verify your email account**:
	* Wait for the email account to synchronize with the company email server.
	* Send a test email to yourself or a colleague to verify that email is sending and receiving correctly.

If you encounter any issues, refer to the troubleshooting tips provided. If you're still having trouble, don't hesitate to contact your IT department for assistance."
Resetting a Forgotten PIN,"**Resetting a Forgotten PIN**

If you have forgotten your PIN, you can reset it using the following steps:
 #Enter #The #Step #to #Enter #question.
**Step 1: Access the PIN Reset Tool**

1. Go to the company's intranet homepage and click on the ""IT Support"" link at the top right corner of the page. #share #ensure #your #you #to #PIN
2. Click on the ""Self-Service"" tab and then select ""PIN Reset"" from the drop-down menu.
3. You will be redirected to the PIN Reset Tool login page.
 #then #Tool #using # #3. #long
http://example.com/523
**Step 2: Authenticate with Your Credentials**

1. Enter your company username and password in the required fields. #Notes: #Credentials #in #your #will #message.
2. Click the ""Login"" button to authenticate.

**Step 3: Verify Your Identity** #the #The #special #characters #mix #anyone.

1. You will be prompted to answer your security question. Enter your answer in the required field.
2. Click the ""Next"" button to proceed. #message. #2. #the #Confirm #to #not

http://example.com/22
**Step 4: Reset Your PIN**
 #recommended #you #Verify #numbers, #top #to
1. Enter a new PIN in the required field. The PIN must be at least 8 characters long and contain a mix of uppercase and lowercase letters, numbers, and special characters.
2. Re-enter your new PIN in the confirmation field to ensure accuracy.
3. Click the ""Reset PIN"" button to complete the process. #following #any #indicating #field. #the #Support

**Step 5: Confirm PIN Reset**
 #your #password #Forgotten #numbers, #1. #the
1. You will receive a confirmation message indicating that your PIN has been successfully reset.
2. Click the ""OK"" button to close the message.
http://example.com/804
 #share #your #process. #Reset #Helpdesk #forgotten
**Important Notes:**

* If you are unable to reset your PIN using the self-service tool, please contact the IT Helpdesk for assistance. #the #any #Click #your #on #following
* It is recommended to keep your PIN confidential and not share it with anyone.
* You can reset your PIN a maximum of 3 times in a 24-hour period. If you exceed this limit, you will need to contact the IT Helpdesk to reset your PIN.
 #confidential #PIN #assistance. #field. #can #to
By following these steps, you should be able to reset your forgotten PIN and regain access to company systems and applications. If you encounter any issues during the process, please do not hesitate to reach out to the IT Helpdesk for further assistance.","I forgot my PIN, how can I reset it?","Don't worry, I'm here to help To reset your forgotten PIN, you can use our self-service PIN Reset Tool. Here are the steps to follow:

1. Go to the company's intranet homepage and click on the ""IT Support"" link at the top right corner of the page.
2. Click on the ""Self-Service"" tab and then select ""PIN Reset"" from the drop-down menu.
3. Enter your company username and password to authenticate.
4. Answer your security question to verify your identity.
5. Enter a new PIN that meets the complexity requirements (at least 8 characters long, mix of uppercase and lowercase letters, numbers, and special characters).
6. Re-enter your new PIN to confirm.
7. Click the ""Reset PIN"" button to complete the process.

If you encounter any issues or are unable to reset your PIN using the self-service tool, please don't hesitate to reach out to the IT Helpdesk and we'll be happy to assist you."
Configuring VPN Access for Remote Workers,"**Configuring VPN Access for Remote Workers**
 NpaYIC2N 9AVhTPp6 ylomtCbu
**Overview**
 #and #remote #The #IP #worke<p>rs. #(laptop mokN2Rgq QrEqxWHV ZAzSJrN1
This article provides step-by-step instructions for configuring VPN access for remote workers. This allows employees working from home or other remote locations to securely connect to the company network and acce<span>ss co<span>mpany resources.
 G14HxSzJ nZhwoOEt m6KtEt0l
**Prerequisites** #may #employees #address #the #have #that
 A0kGimUo zoM6vPlg UUK2mVak
* The remote worker's device (laptop or desktop) must meet the company's minimum system requirements for VPN connectivity.
* The remote worker must have a valid company login credentials. #in</div>staller #company #2. #credentials #You #to vWT9HKAc yizE5NCG KNqVNrO0
http://example.com/823
* The remote worker must have a stable internet connection. EWdTj9sW jg0Uky2s 1mGJHs0O

**Step 1: Install the VPN Client** #from #device #device's #remote #allows #IP h8B13d5Q tsPFxnaA C0pkTLut

1. Go to the company's software portal and download the VPN client </div>software. ilaoBcKM BoZpWH0Z ygIgTVPB
2. Run the installer a<div>nd follow <div>the prompts to install the software. #device #you #Enter #2. #a #You
3. Once inst<span>alled, launch the VPN client software. rr7rFc8H E4bj1niz 94YPsXSS

**Step 2: Configure the VPN Connection** #Always #company #Save #VPN #the #company nx5afV3b p9i5vQS3 XvvIUaQA

http://example.com/738 B1vmr64s e7TkUidG 2vx0eOl6
1. In the VPN client software, click on ""New Connection"" and select ""</span>Company VPN"" as the connection type.
2. Enter the company's VPN server address: `vpn.company.com`. #with #Open #If <p>#up-to-date. #connection #Reminders 2jikSSh9 LZDboA9I 8j8kGVpC
3. Enter your com<p>pany login credentials (username and password).
4. Select the ""Save"" button to save the connection settings. n0B3t3Ye Fcg9m5gs bPbDojuG
 #and #If #company #your #system #networks
**Step 3: Establish the VPN Connection** 1UWX1a6Z ZU1ZqKNr TiFIjd8S

1. Click on the ""Connect"" button to establish the VPN connection. # #experience #the #complete #Step #the AAoeWgsr qyeOZRU6 Xujd6Oyu
2. You may be prompted to authenticate with two-factor authentication (2FA). Follow the prompts to complete 2FA.
3. Once connected, you will see a confirmation message i</p>ndicating that you are connected to the company VPN. M48EkXhX kiRZJkLf VBrgAAUr
http://example.com/487
 #access #portal #device's #changed #home #follow 3jPmszXJ ZbZoiNyc lnXQ0Kvb
**Step 4: Verify VPN Connection**
 GNRZXFsQ Fmk1PMHM znYBnlFk
1. Open a web browser and navigate to `company.com`. # #to #This #further #worker's #the
2. You should be able to access company resources, such as email, intranet, and file shares. CcUsmcYC cmH7oyU1 0J4mk1jX
3. Verify that your device's IP a<div>ddress has changed to a company-assigned IP address.
 #Verify #The #company #software. #working #company aQxN14At hi4p6SSg GeL7pAFg
**Troubleshooting Tips**
 zQkcwvwE Fk32s6x6 BA8QShKi
* If you encounter issues connecting to the VPN, ensure that your device meets the minimum system requirements and that your internet connection is stable. #networks # #and #3: #By #ensure
http://example.com/138 PKcw86CW zyvNc4V1 xPy3jEoD
* If you are unable to access company resources, verify that you are connected to the VPN and that your device's IP address has changed to a company-assigned IP address.
* If you continue to experience iss<span>ues, contact the IT helpdesk for further assistance. dTBhs7Pg i5CNE8l5 StHiYtw7
 #3. #with #2. # #Configuring #that
**Security Reminders** 67hTSCpu M9pDp7g1 CTADz43M

* Always keep your VPN client software up-to-date. #that #client #company #to #Save #un</div>able a1cnt8Dj sF8IGnzV JDhUFR98
* Never share your login credentials with anyone.
* Avoid using public Wi-Fi or unsecured networks to access company resources via</span> VPN. DyUoVcyt JVuXlhIh Dm2mUDnr
 #workers. #the #VPN #client #software. #be</p>
By following these steps, remote workers can securely connect to the company network and access company resources fr<p>om a<p>ny</p>where. If you have any questions or issues, please contact the IT helpdesk for further assistance. oPLhp6BU rInnTB3q upEr80dg
http://example.com/764",How do I set up VPN access on my laptop so I can work from home and access company resources?,"To set up VPN access on your laptop and access company resources from home, follow these steps:

1. First, ensure your laptop meets the company's minimum system requirements for VPN connectivity.
2. Go to the company's software portal and download the VPN client software.
3. Run the installer and follow the prompts to install the software.
4. Once installed, launch the VPN client software and create a new connection by selecting ""Company VPN"" as the connection type.
5. Enter the company's VPN server address: `vpn.company.com`, and your company login credentials (username and password).
6. Save the connection settings and click on the ""Connect"" button to establish the VPN connection.
7. You may be prompted to authenticate with two-factor authentication (2FA), so follow the prompts to complete 2FA.
8. Once connected, verify that you can access company resources by opening a web browser and navigating to `company.com`. You should also verify that your device's IP address has changed to a company-assigned IP address.

If you encounter any issues during the setup process, refer to the troubleshooting tips provided or contact the IT helpdesk for further assistance."
Troubleshooting Issues with Microsoft Office,"**Troubleshooting Issues with </span>Microsoft </p>Office**
 60eWTvcC H0C6Rsy4 dkNSo2y2
This article provides steps to troubleshoot common issues with Microsoft Office applications, including Word, Ex</p>cel, PowerPoint, and Outlook.
 IAIPzM6N vekuPNIv wD1q8SI2 #add-in #from #files #and #the #install
**Step 1:</div> Restart Microsoft Office**
 fNLJu4ZC lsBEfXx8 TA35R7W7
Before proceeding with troubleshooting, try restarting the Microsoft Office application that is experiencing issues. This simple step can often resolve problems caused by temporary glitches or corrupted files. #file #the #File #4JyV5S3b #issues #Updates
 spFhr0L1 B8u9LpVv Z7RlFvHH
**Step 2: Check for Updates**
 mXhpNDCe 4JyV5S3b EEixvGw7 #department #with #closing #Control #Go #with
Ensure that Micr</div>osoft Office is up-to-date. Open any Microsoft Office application, go to **File** > **Account**, and click **Update Opti<div>ons**. If updates are available, install them and restart the application.
 cHrrflqg W57HgrlL 2jXGbXBO
**Step 3: Disable Add-ins** #7: #Type # #issue # #wD1q8SI2
 dK0r9vOK CNO8VPms lEaXv5qe
Add-ins can sometimes cause issues with Microsoft Office applications. To disable add-ins, follow these steps:
 sfXi7Md9 nrH5UxFV MYPULK8E #OWyPlrXh #file #fO8F6wBg #Ensure #uF9qKSH0 #background
* Open the Microsoft Office applica</div>tion experiencing issues.
* Go to **File** > **Options** > **Add-ins**. 7qO4vJnr osvz72o1 CHCdrmjZ
* Uncheck the boxes next to each add-in to disable them. #qxvjMuDX #and #and #Corrupt #Office #CNO8VPms
* Click **OK** to save changes. 9UpHqmlF uF9qKSH0 gqR1Yr0J

**Step 4: Check for Corrupt Files** J5VqZGtI scDWPz0I UNTsMAUn #issue, #these #configuration #the #to #Office

Corrupt files can cause issues with Microsoft Office applications. Try opening a new, blank document to see if the issue persists. If the issue does not occur with a new document, it's possible that the original file is corrupt. 4mi3nD0f qB9Wn401 r657oPiE
 #J5VqZGtI #to #the #Microsoft #isolate #programs
**Step 5: Check for Conflicting Programs** ZrCvEmYl sqPzYhyz AUPtfaQx

Other programs running on your computer can conflict w<div>ith Microsoft Office applications. Try closing all other programs and background applications to see if the issue resolves. nWWNogzo ABEI2EiR UtBSIB6a #then #restarting #lsBEfXx8 #changes. #OK #Office

**Step 6: Check Office Configuration** OycZ3yQ9 XedUN79X ZGBOXPpk
 #B8u9LpVv #UNTsMAUn #them. #</p>Office #w<div>ith #your
Office configuration issues can cause proble<p>ms with Microsoft Office applications. Try resetting Office configuration by following these steps: IiT5PJmV mcIglBkj Uw1WtA9L

* O<span>pen the **Command Prompt** as an administrator. 5v7GXuD7 OWyPlrXh AQeJMOyU #document #4mi3nD0f #it's #including #the #
* Type the following command and press </span>**Enter**: `officec2r<span>client.exe /uninstall`
* Wait for the command to complete, then restart your computer.<div> s4OwCsTs PnazGJ9I jltmUOFO
 #Features, #nrH5UxFV #IiT5PJmV #be #ABEI2EiR #a
**Step 7: Reinstall Microsoft Office** HAI1gd5S QboBVJ8i inkSYKLT

If none of the above steps resolve the issue, try reinstalling Microsoft Office. Go to the **Control Pane<span>l**, select **Programs and Features**, and uninstall Microsoft Office. Then, reinstall Micro</p>soft Office from the company's software portal or by contacting the IT department. s0qowcTT 1QMatKIT kAY50NvF #troubleshoot # #Issues #for #opening #all

**Additional Troubleshooting Tips** guen5shi WwzlAlkl qxvjMuDX
 #and # #WwzlAlkl #not #Issues #application
* Check for antivirus software conflicts, as some antivirus programs can interfere with Microsoft Office applications. B6vzbhgM 5fqJFc5s fO8F6wBg
* Ensure that your computer meets the system requirements for Microsoft Office.
* If using a Microsoft Office template, try creating a new document from scratch to see if the issue persists. CMgcLSZh Ebw6bkqX W6j1FJRC #antivirus #Z7RlFvHH #OK #steps: # #s0qowcTT
* If experiencing issues with a specific file, try opening the file on a different computer or in a different Microsoft Office application to isolate the problem.
 er58j0PT pGeSnSMc coR9E6p9
By following these steps, you should be able to troubleshoot and resolve common issues with Microsoft Office applications. If the issue persists, contact the IT department fo<div>r further assistance. #be #applications. #the #disable #see #QboBVJ8i","""My Microsoft Word keeps freezing every time I try to open a document, I've tried closing and reopening it but the issue persists, what can I do to fix it?""","I'd be happy to help you troubleshoot the issue with Microsoft Word.

Since you've already tried restarting Microsoft Word and the issue persists, let's move on to the next steps.

Can you try checking for updates for Microsoft Office by going to **File** > **Account** > **Update Options**? If there are any updates available, install them and restart Microsoft Word.

Additionally, try disabling add-ins in Microsoft Word by going to **File** > **Options** > **Add-ins**, and unchecking the boxes next to each add-in. This will help us determine if an add-in is causing the issue.

If the issue still persists, let's try opening a new, blank document in Microsoft Word to see if the freezing issue occurs with a new document. If the issue doesn't occur with a new document, it's possible that the original file is corrupt.

If none of these steps resolve the issue, we can try more advanced troubleshooting steps, such as resetting the Office configuration or reinstalling Microsoft Office.

Please try these steps and let me know the outcome, and we'll go from there."
Setting Up a Conference Call on Cisco Webex,"To set up a conference call on Cisco Webex, follow these steps:

**Step 1: Log in to Cisco Webex**

Open a web browser and navigate to [company Webex URL]. Enter your company login credentials to access the Webex portal.

**Step 2: Schedule a Meeting**

Click on the ""Meetings"" tab and select ""Schedule a Meeting"" from the drop-<div>down menu. Fill in the required information, including:

http://example.com/469
* Meeting topic
* Start and end time
* Duration
* Invitees (add email addresses or names from the company directory)

**Step 3: Configure Audio Settings**

In the ""Audio"" section, select ""Cisco Webex Audio"" as the default audio type. You can also choose to allow participants to join via phone or VoIP.

**Step 4: Set Up Video Settings (Optional)**
http://example.com/958

If you want to enable video conferencing, click on the ""Video"" tab and select ""Cisco Webex Video"" as the default video type. You can also choose to allow participants to join via video.

**Step 5: Add Agenda and Notes (Optional)**

You can add an agenda and notes to the meeting invitation by clicking on the ""Agenda"" tab. This information will be visible to all invitees.

**Step 6: Send Invitations**

Click ""Schedule"" to send the meeting invitation to all invitees. The invitation will include a<div> link to join the meeting, as well as dial-in information for audio-only participants.
http://example.com/741

**Step 7: Start the Meeting**

At the scheduled start time, click on the ""Start"" button to begin the conference call. As the host, you will be prompted to enter your audio and video settings before joining the meeting.

**Tips and Best Practices**

* Make sure to test your audio and video settings before the meeting to ensure a smooth experience.
* Encourage invitees to join the meeting 5-10 minutes early to troubleshoot any technical issues.
* Use the ""Mute"" feature to minimize background noise and ensure clear audio.
http://example.c</span>om/669
* Use the ""Share"" feature to share your screen or presentations with participants.

**Troubleshooting**

* If you encounter issues joining the meeting, try restarting your browser or checking your internet connection.
* If you experience audio o</p>r video issues during the meeting, try restarting your audio or video settings or contacting the IT helpdesk for assistance.

By following these steps, you can successfully set up and host a conference call on Cisco Webex. If you have any further questions or issues, please contact the IT helpdesk for assistance.",How do I set up a conference call on Cisco Webex with both video and audio for a meeting with multiple participants?,"To set up a conference call on Cisco Webex with both video and audio for a meeting with multiple participants, follow these steps:

1. **Log in to Cisco Webex**: Open a web browser and navigate to [company Webex URL]. Enter your company login credentials to access the Webex portal.
2. **Schedule a Meeting**: Click on the ""Meetings"" tab and select ""Schedule a Meeting"" from the drop-down menu. Fill in the required information, including:
	* Meeting topic
	* Start and end time
	* Duration
	* Invitees (add email addresses or names from the company directory)
3. **Configure Audio Settings**: In the ""Audio"" section, select ""Cisco Webex Audio"" as the default audio type. You can also choose to allow participants to join via phone or VoIP.
4. **Set Up Video Settings**: Click on the ""Video"" tab and select ""Cisco Webex Video"" as the default video type. This will enable video conferencing for the meeting.
5. **Add Agenda and Notes (Optional)**: You can add an agenda and notes to the meeting invitation by clicking on the ""Agenda"" tab. This information will be visible to all invitees.
6. **Send Invitations**: Click ""Schedule"" to send the meeting invitation to all invitees. The invitation will include a link to join the meeting, as well as dial-in information for audio-only participants.
7. **Start the Meeting**: At the scheduled start time, click on the ""Start"" button to begin the conference call. As the host, you will be prompted to enter your audio and video settings before joining the meeting.

**Tips and Best Practices**:

* Make sure to test your audio and video settings before the meeting to ensure a smooth experience.
* Encourage invitees to join the meeting 5-10 minutes early to troubleshoot any technical issues.
* Use the ""Mute"" feature to minimize background noise and ensure clear audio.
* Use the ""Share"" feature to share your screen or presentations with participants.

**Troubleshooting**:

* If you encounter issues joining the meeting, try restarting your browser or checking your internet connection.
* If you experience audio or video issues during the meeting, try restarting your audio or video settings or contacting the IT helpdesk for assistance.

By following these steps, you should be able to successfully set up and host a conference call on Cisco Webex with both video and audio for a meeting with multiple participants. If you have any further questions or issues, please contact the IT helpdesk for assistance."
Creating a Backup of Important Files,"**Creating a Backup of Important Files**
 gxJ4ZqCi ExLhnhMV yg2ovU2g
<div>Backing up important files is a crucial step in protecting your data from loss or corruption. This article will guide you through the process of creating a backup of your important files.
 o3TgLqfp Kjof2VrR h2bNouj4 #supports #share #Method #your #or #UxdbZu2Q
**Step 1: Identify Important Files**
 3HcHjPVG x92rkNMh v91VMJBv
The first step in creating a backup is to identify the important files that need to be backed up. These may include documents, spreadsheets, presentations, and other files that are critical to your work. Make a list of the files and folders that you need to back up. #external #files #tK1qS0LL </p>#or #and #o3TgLqfp
 toXB9TgH 2ebAAPDe D9ZaisiI
**Step 2: Choose a Backup Method**
 7YyXdU4O DLr3oVFi UxdbZu2Q #S0bwPRTW #a #a #4:<div> #or #it.
http://example.com/647
There are several ways to back up your files, including:
 XrPTSzaS DgXe5ANj W3XtoYh1
* **External Hard Drive**: Connect an external hard drive to your computer and copy your important files to it. #once #will #backed #your #Backup: #Make
* **Cloud Backup**: Use a cloud backup service such as OneDrive, Google Drive, or Dropbox to store your files online. TDYNvYeb kz1dI0qh iR9rXZ8s
* **Network Share**: Save your files to a network share or a shared drive on your company's network.
* **USB Drive**: Use a USB drive to store your important files. MouDL1o4 DuwUcaI0 0a4ep2fe #of #USB #to #to #ensure #W3XtoYh1

Choose a backup method that works best for you and your needs. KBJrrvGv 0TSAqNe0 jaHoJnQc
 #day #to #have #important # #YJCCCmDg
**Step 3: Connect Your Backup Device** igqHTmuJ YJCCCmDg enQyCN1W
http://example.com/424

If you are using an external hard drive or USB drive, connect it to your computer. If <span>you are using a cloud backup service, log in to your account and ensure that you have sufficient storage space. 5zFUJFme vC3elo48 QE6l1Jls #first #share #up #jRluVsIN #backup #Backup

**Step 4: Copy Your Files** OPLW1TXp 6l3i3P5u vGNknaq6
 #you #gxJ4ZqCi #spreadsheets, #be #in #process
Copy your important files to your chosen backup device. Make sure to copy all the files and folders that you identified in Step 1. nlA2kYyL tK1qS0LL 5U140poY

**Step 5: Verify Your Backup** bpBbRhX6 Pvrb5QXr gagVKCm4 #back #Pvrb5QXr #or <div>#identified #documents, #your

On</div>ce you have copied your files, verify that they have been backed up successfully. Check the contents of your backup device to ensure that all files are present and can be opened. CwhR3gE1 Z6JYwjU1 TKZmVmmA
http://example.com/110
 #x92rkNMh #yg2ovU2g #set #cloud #your #chosen
**Step 6: Schedul</p>e Regular Backups** 24PcRwrn scjZYnVQ WIxK8R1g

To ensure that your important files are always up to date, schedule regular back</div>ups. You can set up your backup software to run automatically at a specified time each day or week. 70o9bhNn o64dsSlQ 2LdesJZ1 #that #To #day #This #a #opened.

**Additional Tips** DcjP16YQ 3hKkbsli D76BBOzO
 #a #the #in #backup #TKZmVmmA #Backing
* **Backup Frequency**: Aim to backup your important files at least once a week, or more frequently if you work with sensitive or critical data. OBfnKYwu wB8QmY5g knIx3FCK
* **Backup Location**: Store your backup device in a safe location, away from your computer and other electronic devices.
* **Versioning**: Consider using a</span> backup software that supports versioning, which allows you to keep multiple versions of your files in case you need to recover a previous version. S0bwPRTW JRwAcyee jRluVsIN #keep #such #YJCCCmDg #best #MouDL1o4 #Files
http://example.com/872

</p>By following these steps, you can ensure that your important files are safely backed up and protected from loss or corruption. CiRsRd4w Tp6Ne3Ix dqrj4FBP","""How do I back up my important work files to prevent data loss?""","To back up your important work files, follow these steps:

1. **Identify the files you need to back up**: Make a list of the files and folders that are critical to your work. These may include documents, spreadsheets, presentations, and other files that you cannot afford to lose.
2. **Choose a backup method**: You can use an external hard drive, cloud backup service (such as OneDrive, Google Drive, or Dropbox), network share, or USB drive. Choose a method that works best for you and your needs.
3. **Connect your backup device**: If using an external hard drive or USB drive, connect it to your computer. If using a cloud backup service, log in to your account and ensure you have sufficient storage space.
4. **Copy your files**: Copy the files you identified in step 1 to your chosen backup device. Make sure to copy all files and folders.
5. **Verify your backup**: Check the contents of your backup device to ensure all files are present and can be opened.
6. **Schedule regular backups**: Set up your backup software to run automatically at a specified time each day or week to ensure your files are always up to date.

Additionally, consider the following best practices:

* **Backup frequency**: Aim to back up your files at least once a week, or more frequently if you work with sensitive or critical data.
* **Backup location**: Store your backup device in a safe location, away from your computer and other electronic devices.
* **Versioning**: Consider using a backup software that supports versioning, which allows you to keep multiple versions of your files in case you need to recover a previous version.

By following these steps and best practices, you can ensure that your important work files are safely backed up and protected from loss or corruption."
Troubleshooting Issues with Company-Issued Tablets,"**Troubleshooting Issues with Company-Issued Tablets**
 ZxOChlkF Pe26okUL BiK77kTr
This article provides step-by-step guidance for troubleshooting common issues with company-issued tablets. Please follow the steps outlined below to resolve the issue before escalating to advanced support.
 zAf5GepR XD6hcMhe tXKTx6gh #564FDv7i #a #b9dmsMRG #to #as #5WlFTuTW
**Step 1: Power Cycle the Tablet**
 CjJIZLWL I0upyXRy dt7A77jk
* Press and hold the power button until the tablet shuts down. #power #any #8E1CVxu8 #drain. #safe #RxqOxOBN
* Wait for 30 seconds to allow any residual power to drain. b9dmsMRG NRG4VZL6 LNp31hVl
* Press the power button again to turn the tablet back on.
* Observe if the issue persists. 564FDv7i 5WlFTuTW DaMM963d #Tablets #Mode #l5mAim6h #the #issues #uA7wuGpr

**Step 2: Check for Software Updates** zUvADd5K CgSRqTca 0MGamLLZ
 #CjJIZLWL #drain. #I0upyXRy #will #port #error
* Ensure the tablet is connected to a stable internet connection. 1mh7Yfdr PVLbSIWk 0wrVJ2Zs
* Go to **Settings** > **System** > **System Update**.
* Check for available software updates and install any pending updates. ms6YMieX lbK2USok 6wCL2Pbo #on. #experiencing #that #the #the #button
* Restart the tablet after installation.
 iOvlfr5R 70zWamke Afn6NDV2
**Step 3: Restart in Safe Mode** #the #RqIG51YI #backed #and #until #Apps
 GzrmYdpu nv4SaOmo JN68wapN
* Press and hold the power button until the tablet shuts down.
* Press the power button again to turn the tablet back on. YaiIdUIt EvaHVV2E m3bCYg6N #connected #> #> #dm0j4dLG #error #that
* Immediately hold down the **Volume Down** button until the tablet boots into safe mode.
* Observe if the issue persists in safe mode. Cxq78k7E AGLPgc1K Vs3BVoQb
 #support, #> #the #is #of #operating
**Step 4: Check for App-Related Issues** txUQWhlf AhvsxIPd MC9Fero8

* Identify the app that is experiencing issues. 8Im44i9f 8E1CVxu8 l5mAim6h #0MGamLLZ #to #detail #all #issues #drain.
* Go to **Settings** > **Apps** > **[App Name]**.
* Clear the app's cache and data. bdcvWdud XE9x6t9C o3hG3YN1
* Restart the app to see if the issue is resolved. #wJcpizNk #updates # #system #Restart #
 FB74gBvO uA7wuGpr ChGd0UIh
**Step 5: Perform a Factory Reset**
 TxMqHRaH atQSGL8N DmHK50VO #steps #issue #YaiIdUIt #is #TxMqHRaH #so
* Go to **Settings** > **System** > **Advanced** > **Reset Options**.
* Select **Erase all data (factory reset)**. 8wQeZRtV dm0j4dLG Ut0gsrdZ
* Follow the prompts to complete the reset process. #allow #oZOswMuN #> # #issue, #
* Note: This step will erase all data on the tablet, so ensure that all important data is backed up before proceeding. 6PdaapRd a5UhoxCm nJMBSlID

**Step 6: Check for Hardware Issues** iIfqMYbk kE1I389P fCTFrxeb #and #back #complete #LNp31hVl #power #safe

* Inspect the tablet for any signs of physical damage or wear. 8LoPcBmE G9OAP9qI oZOswMuN
* Check the charging port and ensure it is free from debris. #Press #This #Ensure #the #hold #
* Try using a different charging cable or power source. 742an7jo NBMjPbt2 RxqOxOBN

**Step 7: Gather Diagnostic Information** SJjQtaAP zQiKdEOZ eZN2fY1K #bdcvWdud #cache #power #RJaueQtq #follow #Check

* Go to **Settings** > **System** > **About Tablet**. Bsq1B30d 2Rihjxvj G7r06PvI
* Take note of the tablet's operating system version, device ID, and any error messages. #zAf5GepR #tablet #and #advanced #RJaueQtq #app's
* Provide this information to advanced support if the issue cannot be resolved through these troubleshooting steps. atatTr5E 3DOS1RbK vo2fTZo5

If none of the above steps resolve the issue, please escalate the issue to advanced support, providing as much detail as possible about the problem and the steps taken so far. wJcpizNk RJaueQtq RqIG51YI #resolved. #a #G9OAP9qI #if #l5mAim6h #source.","""My company-issued tablet is freezing frequently and I'm unable to access some of my apps, what can I do to fix the issue?""","I'd be happy to help you troubleshoot the issue with your company-issued tablet!

Since your tablet is freezing frequently and you're unable to access some of your apps, let's start with the basic troubleshooting steps.

First, please try **power cycling** your tablet. To do this, press and hold the power button until the tablet shuts down. Wait for 30 seconds to allow any residual power to drain. Then, press the power button again to turn the tablet back on. Observe if the issue persists.

If the issue still exists, please check for **software updates**. Ensure your tablet is connected to a stable internet connection, then go to **Settings** > **System** > **System Update**. Check for available software updates and install any pending updates. Restart your tablet after installation.

If the issue persists, try **restarting your tablet in safe mode**. To do this, press and hold the power button until the tablet shuts down. Press the power button again to turn the tablet back on, and immediately hold down the **Volume Down** button until the tablet boots into safe mode. Observe if the issue persists in safe mode.

If the issue still exists, we may need to investigate further. Can you please tell me:

1. Which apps are you unable to access?
2. Are there any error messages or notifications appearing on your tablet?
3. Have you installed any new apps or software recently?

Your responses will help me guide you through the next steps to resolve the issue."
Setting Up a Secure Wireless Network,"**Step 1: Plan Your Wireless Network**
 hdFFwb9W ZycICLeS MPegLRXD
Before setting up a secure wireless network, plan your network infrastructure by identifying the number of users, devices, and access points required. Determine the type of encryption and authentication methods to be used. Consider the physical layout of your workspace and the range of your wireless signal.
 #and #Choose #to #or #identifying #your XAgWhJek 8ELrnFDm AgR7rgw7
**Step 2: Choose a Secure Wireless Protocol**
 Csx8upQj AeuahN5x OY12Mem6
Select a secure wireless protocol such as WPA2-PSK (AES) or WPA3-PSK (AES-256). Avoid using outdated protocols like WEP or WPA. Ensure that your devices and access points support the chosen protocol. #you #Configure #unnecessary #password #network #chosen
 bTBjJvtv XVo9gJL3 XtHIb2r5
**Step 3: Set Up a Strong Password**
 #traffic. #Step #Password #devices #a #Secure OBz9iQFl LTSTm7lX yvWLMyW3
http://example.com/127
Create a strong password for your wireless network. The password should be at least 12 characters long and include a mix of uppercase and lowercase letters, numbers, and special characters. Avoid using easily guessable passwords or common words.
 sZnwGgFD fZkjlLgt naQZSFCB
**Step 4: Configure Your Router** #respond #Firewall #include #prioritize #unnecessary #wireless
 Pkmqrfgk v6GwKFcg vGY0NvIT
Log in to </div>your router's web interface using a secure connection (HTTPS). Change the default administrator password and network name (SSID). Enable WPA2-PSK or WPA3-PSK encryption and set the password created in Step 3. Save your changes.
 #unnecessary #access #up #Step #restrict #to WRxflDng Dppv68da h8u1B1zT
**Step 5: Set Up a Guest Network (Optional)**
 00Ohwewa JLwIAMo9 JBwFSoJD
If you need to provide wireless access to guests or visitors, set up a separate guest network. This will isolate your main network from potential security risks. Configure the guest network with a different SSID and password. #characters #configuration #to #for #settings #and
 EVWtPdaJ 6hXMVSof VyFayJaI
http://example.com/960
**Step 6: Configure Firewall Settings**
 #Change #Step #case #and #Step #network 1JZpYmxZ r4tZGAUN aeyQ5lvb
Enable the firewall on your router and configure it to block incoming and outgoing traffic on unnecessary ports. Restrict access to your network by only allowing necessary incoming traffic.
 MbYZ51eY c08rMzoa 3jWossEr
**Step 7: Set Up Quality of Service (QoS)** #up #spread #ensure #will #WEP #breach.
 bPshS3eT 5R5MIk24 rTNpG3Pe
Configure QoS settings on your router to prioritize critical network traffic, such as video conferencing or VoIP calls. This ensures that critical applications receive sufficient bandwidth.
 #video #or #the #Guest #WEP #traffic 3xuW7AGx vF8Ctpsc o1BDNBYy
**Step 8: Implement Network Segmentation**
 F1iVUyX4 apRlYQNT 9zNyAdeN
http://example.com/197
Segment your network into different zones or subnets to restrict access to sensitive areas of your network. This limits the spread of malware or unauthorized access in case of a breach. #Firmware #(AES-256). #2: #breach. #include #secure
 z5AyZ1Qo YJ6m1xPC wCz8LE4g
**Step 9: Regularly Update Your Router's Firmware**
 #calls. #and #Wireless #ensure #the #to 27wdQcAG 376eEdJG 62ZJZsG5
Regularly check for and install firmware updates for your router to ensure you have the latest security patches and features.
 wTlOOhYb DugQ7elT ienA8DpJ
**Step 10: Monitor Your Network** #potential #limits #be #7: #Secure #data
 QR4SZ4bI RNXJcLL6 Ns8C2Grr
Regularly monitor your network for suspicious activity, such as unknown devices or unusual traffic patterns. Use network monitoring tools or work with your IT team to detect and respond to potential security incidents.
 #SSID #sensitive #set #Configure #or #guests ItpIWGpI tSpLd3oh Yo2q1fsc
http://example.com/58
By following these steps, you can set up a secure wireless network that protects your data and devices from unauthorized access. Remember to re<span>gularly review and update your network configuration to ensure ongoing security.","""How do I set up a secure wireless network for my workgroup to prevent unauthorized access and ensure data protection?""","To set up a secure wireless network for your workgroup, follow these steps:

1. **Plan Your Wireless Network**: Identify the number of users, devices, and access points required. Consider the physical layout of your workspace and the range of your wireless signal.
2. **Choose a Secure Wireless Protocol**: Select a secure wireless protocol such as WPA2-PSK (AES) or WPA3-PSK (AES-256). Ensure that your devices and access points support the chosen protocol.
3. **Set Up a Strong Password**: Create a strong password for your wireless network, at least 12 characters long, including a mix of uppercase and lowercase letters, numbers, and special characters.
4. **Configure Your Router**: Log in to your router's web interface using a secure connection (HTTPS). Change the default administrator password and network name (SSID). Enable WPA2-PSK or WPA3-PSK encryption and set the password created in Step 3. Save your changes.
5. **Set Up a Guest Network (Optional)**: If you need to provide wireless access to guests or visitors, set up a separate guest network with a different SSID and password.
6. **Configure Firewall Settings**: Enable the firewall on your router and configure it to block incoming and outgoing traffic on unnecessary ports. Restrict access to your network by only allowing necessary incoming traffic.
7. **Set Up Quality of Service (QoS)**: Configure QoS settings on your router to prioritize critical network traffic, such as video conferencing or VoIP calls.
8. **Implement Network Segmentation**: Segment your network into different zones or subnets to restrict access to sensitive areas of your network.
9. **Regularly Update Your Router's Firmware**: Regularly check for and install firmware updates for your router to ensure you have the latest security patches and features.
10. **Monitor Your Network**: Regularly monitor your network for suspicious activity, such as unknown devices or unusual traffic patterns.

By following these steps, you can set up a secure wireless network that protects your data and devices from unauthorized access. Remember to regularly review and update your network configuration to ensure ongoing security.

Additionally, consider the following best practices:

* Use a secure connection (HTTPS) when accessing your router's web interface.
* Avoid using public computers or unsecured networks to configure your router.
* Keep your router's firmware up-to-date to ensure you have the latest security patches and features.
* Use network monitoring tools or work with your IT team to detect and respond to potential security incidents.

By following these steps and best practices, you can ensure a secure and reliable wireless network for your workgroup."
Resetting a Jammed Printer,"**Resetting a Jammed Printer**

**Step 1: Turn Off the Printer**

Immediately turn off the printer to prevent any further damage or paper jams. Locate the power button, usually found on th<span>e top or front of the printer, and press it to shut down the device.

**Step 2: Open the Printer**

Locate the print</div>er's access pa</span>nel, which varies depending on the printer model. Common locations include the top, fro</p>nt, or back of the printer. Open the panel by pressing the </p>release latch or sliding it open. This <div>will give you access to the internal mechanisms.

http://example.com/544
**Step 3: Identify and Remove Jammed Paper**

Carefully inspect the printer's internal mechanisms to locate the jammed paper. Gently pull out any visible paper sc</span>raps or torn pieces. Be ca</div>utious not to touch any internal components or rollers, as oils from your skin can cause damage.

**Step 4: Check </div>for Obstructions**

Inspect the printer's paper path, including the paper tray</div>, rollers, and print head, for a</div>ny obstructions or debris. Remove any dust, dirt, or othe</span>r blockages that may be contributing to the <p>jam.

**Step 5: Realign the Paper Tray**

http://example.com/330
If the paper tray was dislodged during the jam, realign it according to the manufacturer's instructions. Make sure it clicks securely into place.

**Step 6: Check and Clean the Print Head**

Check the print head for any blockages or dried ink. Gently clean the print head with a lint-free cloth or cotton swab, following the manufacturer's instructions.

**Step 7: Reassemble the Printer**

Reassemble the printer in the reverse order of how you disassembled it. Make sure all panels and access doors are securely closed.

http://example.com/180
**Step 8: Power On and Test**

Turn the printer back on and test it by printing a test page or a document. If the printer is still <div>experiencing issues, refer to the manufacturer's troubleshooting guide or contact the IT helpdesk for further assistance.

**Additional Tips:**

* Regularly clean and maintain your printer to prevent paper j<p>ams and other issues.
* Use high-quality paper that is designed for printing to reduce the <p>likelihood of jams.
* Avoid overloading the paper tray, as this can cause paper jams and other issues.
* If you are unsure about how to reset a jammed printer or <span>if the issue persists after<p> following these steps, contact the IT helpdesk for assistance.
http://example.com/787",What steps can I take to fix my printer when it's jammed and won't print?,"Don't worry, I'm here to help To fix a jammed printer, follow these steps:

1. **Turn off the printer**: Immediately turn off the printer to prevent any further damage or paper jams.
2. **Open the printer**: Locate the printer's access panel and open it to access the internal mechanisms.
3. **Identify and remove jammed paper**: Carefully inspect the printer's internal mechanisms to locate the jammed paper and gently pull out any visible paper scraps or torn pieces.
4. **Check for obstructions**: Inspect the printer's paper path, including the paper tray, rollers, and print head, for any obstructions or debris. Remove any dust, dirt, or other blockages that may be contributing to the jam.
5. **Realign the paper tray**: If the paper tray was dislodged during the jam, realign it according to the manufacturer's instructions.
6. **Check and clean the print head**: Check the print head for any blockages or dried ink. Gently clean the print head with a lint-free cloth or cotton swab, following the manufacturer's instructions.
7. **Reassemble the printer**: Reassemble the printer in the reverse order of how you disassembled it. Make sure all panels and access doors are securely closed.
8. **Power on and test**: Turn the printer back on and test it by printing a test page or a document.

If you're unsure about any of these steps or if the issue persists after following these steps, feel free to contact the IT helpdesk for further assistance. Additionally, to prevent future paper jams, make sure to regularly clean and maintain your printer, use high-quality paper, and avoid overloading the paper tray."
Configuring Email on an Android Device,"**Configuring Email on an Android</span> Device**
 xJZ9oav3 vtplVaB3 2mdLotKF
This article provides step-by-step instructions on how to configure email on an Android device. Please follow the steps below to set up your email account on your Android device.
 ExOY4b9V Zkp02S8R fnXpiwbL #</p>scr<span>een #the #the #provides #Password: #+
**Prerequisites:**
 OLz2qEnL Lye98Uax TsxhDvba
* An Android device with a valid internet connection #server #wf2BNRit #provider. #E5CjLty8 #OLz2qEnL #your
* A valid email account (company email or personal email) 1nbLrefY ZqKxDPcl 9ZTEuur6
* Email acc</div>ount credentials (username and password)
 xfEKflsF mrFx6mPd fyN9qict #NOhodVPk #OVR2zoou #to #Email #the #Complete
http://example.com/316
**Step 1: Go to the Email App**
 VnG7LMxB x9TYA6Uo aHQmrhuq #syncing. #+ #bQbs1R3i #the # #will
* Locate the Email app on your Android device. It may be on the home </p>scr<span>een or in the app drawer.
* Tap on the Email app to open it. yrljgJGM OVR2zoou UXMVLXkH
 #to #on #LEsrH3bF #device #0riqO54H #email
**Step 2: Add a New Account** O7RKU6tg yK4X11va NOhodVPk

* Tap on the ""Add account"" or ""Add email account"" button. vtudtYA0 499HmgEX MOYSVQ0m #the #4IWthOSM #information: #If #app #Port:
* Select ""Email"" or ""Corporate"" as the account type, depending on your email provider.
* Enter your email address and password in the required fields. el3HeRhW V4gRkyEH QKuh6HtR
http://example.com/711 #0JPrBpiy #security #further #account #TsxhDvba #to
* Tap ""Next"" to proceed.
 4c7tFGYU odUux0Lm zvDFa35P
**Step 3: Co</div>nfigure Server Settings** #Username: #size #personal #2mdLotKF # #how
 lXb7gfCJ zHqVqr8U uus8i0Xq
* The device will attempt to automatically configure the server settings. If it fails, you wi<p>ll need </p>to enter the settings manually.
* Tap on ""Manual setup"" or ""Advanced setup"" to enter the server settings manually. 6lK3pxAY E5CjLty8 cIl3grHQ #LEsrH3bF #want #prompted #Add #personal #
* Enter the following information:
	+ Incoming server: [company email server or personal email server] QDmJzmr5 mBFTHQoC EGPGH2BB
	+ Port: [company email port or personal email port] #fFMINXWR #setup #on #Next #LgzQMvAM #Android
	+ Security type: [company email security type or personal email security type] X9L34ZKc AIHGVywI 0JPrBpiy
http://example.com/4
	+ Username: [your email address] #information: #set #QmA0AfAM #able #aHQmrhuq #to
	+ Password: [your email password] bkDUyyI2 HWspsUHC 3aucJXlT
* Tap ""Next"" to proceed.
 sH8madZH LEsrH3bF nmAnqfUO #Configuring #you #on #Security #sH8madZH #or
**Step 4: Configure Outgoing Server Settings**
 EBvhAMyQ QmA0AfAM 8Qvs1avC
* Enter the following information: #the #Tap #http://example.com/711 #email #in #the
	+ Outgoing server: [company email server or personal email server] V89Fd8i9 VJ9TLV5P Vyt5UzcK
	+ Port: [company email port or personal email port]
	+ Security type: [company email security type or personal email security type] 0JTtV2IS dJT2Fsso bQbs1R3i #Sync #bQbs1R3i #email #complete #prompted #connection
http://example.com/252
	+ Username: [your email address]
	+ Password: [your email password] y84ofJr2 wlT21PXr GuJYUQNT #+ #Advanced #will #device #process, #account
* Tap ""Next"" to <p>proceed.</span>
 wf2BNRit qpXdxZiE J7IZo8PN
**Step 5: Account Options** #fnXpiwbL #New #NOhodVPk #odUux0Lm #Server #IT
 OcAd4Das LgzQMvAM KjpLuuDb
* You may be prompted to configure additional account options, such as:
	+ Sync frequency: Choose how often you want your device to sync with the email server. 5nGvbzHH 4IWthOSM y8sAh9BY #Tap #your #to #</p>scr<span>een #be #valid
	+ Sync size: Choose the maximum size of emails to sync.
	+ Delete email from server: Choose whether to delete emails from the server after syncing. dieeaqfm 94Ro8Yie tXIXiKsH
http://example.com/606 #Port: #in #This #+ #Advanced #setup
* Tap ""Next"" to proceed.
 jeWA9fG9 PZmoq0Vy NSk5bDit
**Step 6: Account Setup Complete** #account #port] #email #NSk5bDit #mP82Rqhh #UXMVLXkH
 p8MOmJX5 fFMINXWR cdIJvmfM
* You will be prompted to give your account a name and set it as the default account.
* Tap ""Done"" to complete the setup. G5Hrakz1 a5LdgMoN aoSiDKT0 #6lK3pxAY #PZmoq0Vy #type] #Step #Tap #following

**Troubleshooting Tips:** 1UrxAzSk 66k75reO 76za5p6U
 #ZqKxDPcl #app #syncing. #kguBhmo3 #setup #fails,
* If you encounter any issues during the setup process, try restarting the Email app or your device. U79PHqkI 0riqO54H kguBhmo3
http://example.com/884
* Ensure that your email account credentials are correct and that your inte<p>rnet connection is stable. #[your #proceed. #Android #4: #fyN9qict #type]
* If you are still experiencing issues, contact the IT helpdesk for further assistance. aFO806oN mN5TpDey 5bEFejcQ

By following these steps<div>, you should be able to successfully configure email on your Android device. UpeBYqqS raIf0fkf mP82Rqhh #give #be #device. #2: # #proceed.",How do I set up my company email on my personal Android device?,"To set up your company email on your personal Android device, follow these steps:

**Step 1: Open the Email App**

Locate the Email app on your Android device and tap on it to open it.

**Step 2: Add a New Account**

Tap on the ""Add account"" or ""Add email account"" button and select ""Corporate"" as the account type.

**Step 3: Enter Email Address and Password**

Enter your company email address and password in the required fields. Tap ""Next"" to proceed.

**Step 4: Configure Server Settings (If Required)**

If the device is unable to automatically configure the server settings, you will need to enter them manually. You will need to know the following information:

* Incoming server (ask your IT department for this information)
* Port (ask your IT department for this information)
* Security type (ask your IT department for this information)
* Username (your company email address)
* Password (your company email password)

**Step 5: Configure Outgoing Server Settings (If Required)**

Enter the same server settings as the incoming server settings.

**Step 6: Configure Account Options**

Choose your sync frequency, sync size, and whether to delete emails from the server after syncing.

**Step 7: Complete Account Setup**

Give your account a name and set it as the default account. Tap ""Done"" to complete the setup.

**Important:** If you encounter any issues during the setup process, try restarting the Email app or your device. Ensure that your email account credentials are correct and that your internet connection is stable. If you are still experiencing issues, contact the IT helpdesk for further assistance."
